,Dia_Semana_Venda,PAX,RPK,pct_total
0,Quarta-feira,293025,26263705,16.181422573115004
1,Quinta-feira,258488,23501102,14.479345636721025
2,Sexta-feira,255625,23309936,14.361565688019496
5,Segunda-feira,236316,23275908,14.340600578667331
6,Terça-feira,219802,20366840,12.548284582050458
7,SábadoDomingo,495087,45590272,28.088780941426688
